{
    "package_version": "1.0",
    "id": "24385854-7d9b-4453-895c-22ca8c8297d4",
    "type": "client-app",
    "name": "Add-on containing apps(s)",
    "description": "Apps: [SKEApps_Simple App Skeleton]",
    "minimum_version": "0000",
    "icon_16": "extension-16.png",
    "icon_48": "extension-48.png",
    "icon_128": "extension-128.png",
    "released_on": "2013-03-08T19:11:11.234Z",
    "register_url": "%serviceURL%/jive/oauth/register",
    "unregister_url": "%serviceURL%/jive/oauth/unregister",
    "service_url": "https://safe-brushlands-8409.herokuapp.com",
    "redirect_url": "%serviceURL%"
}